date,gbp,cad
2017-01-02,0.81357,1.3435
2017-01-03,0.8143,1.3435
2017-01-04,0.81388,1.3315
2017-01-05,0.81364,1.3244
2017-01-06,0.80884,1.3214
2017-01-09,0.82408,1.3240
2017-01-10,0.82275,1.3213
2017-01-11,0.82572,1.3250
2017-01-12,0.81321,1.3106
2017-01-13,0.8212,1.3141
2017-01-16,0.82885,1.3152
2017-01-17,0.81234,1.3057
2017-01-18,0.81426,1.3099
2017-01-19,0.81135,1.3303
2017-01-20,0.81448,1.3356
2017-01-23,0.80399,1.3291
2017-01-24,0.80341,1.3174
2017-01-25,0.79422,1.3088
2017-01-26,0.79573,1.3103
2017-01-27,0.7974,1.3123
2017-01-30,0.79901,1.3114
2017-01-31,0.8006,1.3030
2017-02-01,0.79164,1.3074
2017-02-02,0.79634,1.3016
2017-02-03,0.80079,1.3016
2017-02-06,0.80237,1.3099
2017-02-07,0.80871,1.3167
2017-02-08,0.79995,1.3157
2017-02-09,0.79583,1.3127
2017-02-10,0.80243,1.3084
2017-02-13,0.79866,1.3082
2017-02-14,0.80107,1.3070
2017-02-15,0.80529,1.3088
2017-02-16,0.799,1.3055
2017-02-17,0.80488,1.3102
2017-02-20,0.80204,1.3102
2017-02-21,0.80535,1.3148
2017-02-22,0.80329,1.3181
2017-02-23,0.80042,1.3110
2017-02-24,0.79652,1.3095
2017-02-27,0.80552,1.3118
2017-02-28,0.80499,1.3249
2017-03-01,0.81221,1.3338
2017-03-02,0.81377,1.3387
2017-03-03,0.81737,1.3405
2017-03-06,0.81477,1.3404
2017-03-07,0.81988,1.3417
2017-03-08,0.82184,1.3475
2017-03-09,0.82128,1.3513
2017-03-10,0.82265,1.3464
2017-03-13,0.81833,1.3447
2017-03-14,0.82366,1.3484
2017-03-15,0.81974,1.3428
2017-03-16,0.80934,1.3319
2017-03-17,0.80905,1.3337
2017-03-20,0.80723,1.3358
2017-03-21,0.80312,1.3317
2017-03-22,0.80309,1.3360
2017-03-23,0.79986,1.3336
2017-03-24,0.80148,1.3374
2017-03-27,0.79349,1.3373
2017-03-28,0.79616,1.3374
2017-03-29,0.80373,1.3364
2017-03-30,0.80265,1.3304
2017-03-31,0.80023,1.3310
2017-04-03,0.79974,1.3384
2017-04-04,0.8039,1.3425
2017-04-05,0.80081,1.3409
2017-04-06,0.80246,1.3418
2017-04-07,0.80501,1.3395
2017-04-10,0.80672,1.3349
2017-04-11,0.80379,1.3332
2017-04-12,0.8,1.3300
2017-04-13,0.79739,1.3275
2017-04-17,0.79739,1.3289
2017-04-18,0.78988,1.3377
2017-04-19,0.7779,1.3460
2017-04-20,0.78101,1.3482
2017-04-21,0.78258,1.3506
2017-04-24,0.78199,1.3492
2017-04-25,0.7798,1.3592
2017-04-26,0.77943,1.3593
2017-04-27,0.77585,1.3624
2017-04-28,0.77285,1.3662
2017-05-01,0.77285,1.3660
2017-05-02,0.77435,1.3720
2017-05-03,0.77333,1.3714
2017-05-04,0.77574,1.3743
2017-05-05,0.77283,1.3712
2017-05-08,0.77222,1.3705
2017-05-09,0.77425,1.3728
2017-05-10,0.77178,1.3672
2017-05-11,0.77795,1.3707
2017-05-12,0.77775,1.3714
2017-05-15,0.77404,1.3641
2017-05-16,0.77645,1.3596
2017-05-17,0.7713,1.3614
2017-05-18,0.76703,1.3611
2017-05-19,0.76848,1.3544
2017-05-22,0.76806,1.3544
2017-05-23,0.77096,1.3490
2017-05-24,0.77137,1.3460
2017-05-25,0.77161,1.3453
2017-05-26,0.77876,1.3456
2017-05-29,0.77845,1.3446
2017-05-30,0.77681,1.3469
2017-05-31,0.77858,1.3500
2017-06-01,0.77752,1.3500
2017-06-02,0.778,1.3504
2017-06-05,0.77456,1.3483
2017-06-06,0.77483,1.3461
2017-06-07,0.77479,1.3492
2017-06-08,0.7726,1.3503
2017-06-09,0.78416,1.3453
2017-06-12,0.7891,1.3415
2017-06-13,0.78519,1.3238
2017-06-14,0.78515,1.3209
2017-06-15,0.78488,1.3283
2017-06-16,0.78314,1.3232
2017-06-19,0.78148,1.3220
2017-06-20,0.7901,1.3267
2017-06-21,0.78775,1.3310
2017-06-22,0.7894,1.3241
2017-06-23,0.78587,1.3268
2017-06-26,0.78511,1.3238
2017-06-27,0.78356,1.3188
2017-06-28,0.77824,1.3060
2017-06-29,0.77096,1.3015
2017-06-30,0.77053,1.2977
2017-07-03,0.77144,1.2977
2017-07-04,0.77341,1.2941
2017-07-05,0.77443,1.2982
2017-07-06,0.77306,1.2946
2017-07-07,0.77539,1.2887
2017-07-10,0.7767,1.2888
2017-07-11,0.77438,1.2920
2017-07-12,0.77671,1.2794
2017-07-13,0.77266,1.2743
2017-07-14,0.77077,1.2672
2017-07-17,0.76562,1.2669
2017-07-18,0.76833,1.2628
2017-07-19,0.76723,1.2595
2017-07-20,0.77247,1.2585
2017-07-21,0.76971,1.2549
2017-07-24,0.76708,1.2512
2017-07-25,0.76445,1.2507
2017-07-26,0.7667,1.2505
2017-07-27,0.76089,1.2520
2017-07-28,0.76365,1.2447
2017-07-31,0.76251,1.2485
2017-08-01,0.7572,1.2514
2017-08-02,0.75598,1.2560
2017-08-03,0.76153,1.2578
2017-08-04,0.7607,1.2638
2017-08-07,0.76659,1.2638
2017-08-08,0.76755,1.2672
2017-08-09,0.77008,1.2705
2017-08-10,0.76972,1.2711
2017-08-11,0.77046,1.2685
2017-08-14,0.77083,1.2705
2017-08-15,0.7761,1.2755
2017-08-16,0.77705,1.2699
2017-08-17,0.77708,1.2647
2017-08-18,0.77673,1.2586
2017-08-21,0.77645,1.2575
2017-08-22,0.77914,1.2552
2017-08-23,0.78085,1.2564
2017-08-24,0.77926,1.2529
2017-08-25,0.77984,1.2492
2017-08-28,0.77424,1.2482
2017-08-29,0.77162,1.2515
2017-08-30,0.77414,1.2605
2017-08-31,0.77778,1.2536
2017-09-01,0.77244,1.2390
2017-09-04,0.77157,1.2390
2017-09-05,0.77157,1.2371
2017-09-06,0.76631,1.2264
2017-09-07,0.76354,1.2148
2017-09-08,0.75678,1.2132
2017-09-11,0.75665,1.2128
2017-09-12,0.75319,1.2159
2017-09-13,0.75334,1.2187
2017-09-14,0.74988,1.2198
2017-09-15,0.73596,1.2182
2017-09-18,0.73864,1.2238
2017-09-19,0.74024,1.2277
2017-09-20,0.73857,1.2273
2017-09-21,0.7412,1.2339
2017-09-22,0.73702,1.2317
2017-09-25,0.74103,1.2341
2017-09-26,0.74468,1.2370
2017-09-27,0.74581,1.2412
2017-09-28,0.74406,1.2450
2017-09-29,0.74689,1.2480
2017-10-02,0.75288,1.2505
2017-10-03,0.75549,1.2500
2017-10-04,0.7531,1.2479
2017-10-05,0.75927,1.2548
2017-10-06,0.7648,1.2549
2017-10-09,0.75936,1.2549
2017-10-10,0.7579,1.2501
2017-10-11,0.75833,1.2498
2017-10-12,0.76109,1.2472
2017-10-13,0.75343,1.2487
2017-10-16,0.75195,1.2529
2017-10-17,0.75813,1.2548
2017-10-18,0.75992,1.2486
2017-10-19,0.75896,1.2478
2017-10-20,0.75836,1.2601
2017-10-23,0.75886,1.2644
2017-10-24,0.75931,1.2666
2017-10-25,0.7542,1.2771
2017-10-26,0.75734,1.2831
2017-10-27,0.76375,1.2874
2017-10-30,0.75766,1.2837
2017-10-31,0.75488,1.2893
2017-11-01,0.75254,1.2885
2017-11-02,0.76161,1.2822
2017-11-03,0.76283,1.2764
2017-11-06,0.76264,1.2746
2017-11-07,0.76144,1.2785
2017-11-08,0.76277,1.2729
2017-11-09,0.76211,1.2692
2017-11-10,0.75828,1.2683
2017-11-13,0.76371,1.2683
2017-11-14,0.76275,1.2733
2017-11-15,0.75938,1.2773
2017-11-16,0.75765,1.2745
2017-11-17,0.75782,1.2783
2017-11-20,0.75494,1.2793
2017-11-21,0.75523,1.2778
2017-11-22,0.75589,1.2729
2017-11-23,0.75122,1.2715
2017-11-24,0.75036,1.2708
2017-11-27,0.74778,1.2735
2017-11-28,0.75318,1.2807
2017-11-29,0.74654,1.2853
2017-11-30,0.74255,1.2888
2017-12-01,0.7414,1.2729
2017-12-04,0.73936,1.2695
2017-12-05,0.74435,1.2680
2017-12-06,0.74752,1.2757
2017-12-07,0.74723,1.2843
2017-12-08,0.7454,1.2860
2017-12-11,0.74813,1.2854
2017-12-12,0.7485,1.2871
2017-12-13,0.74902,1.2852
2017-12-14,0.74431,1.2805
2017-12-15,0.74753,1.2834
2017-12-18,0.74784,1.2865
2017-12-19,0.74854,1.2886
2017-12-20,0.74563,1.2842
2017-12-21,0.74849,1.2734
2017-12-22,0.74722,1.2759
2017-12-27,0.74479,1.2641
2017-12-28,0.74382,1.2588
2017-12-29,0.73979,1.2545
2018-01-02,0.73728,1.2517
2018-01-03,0.73725,1.2533
2018-01-04,0.73852,1.2515
2018-01-05,0.73792,1.2403
2018-01-08,0.73844,1.2422
2018-01-09,0.73978,1.2454
2018-01-10,0.73941,1.2496
2018-01-11,0.74124,1.2535
2018-01-12,0.73315,1.2504
2018-01-15,0.72528,1.2422
2018-01-16,0.72657,1.2419
2018-01-17,0.72579,1.2425
2018-01-18,0.72095,1.2446
2018-01-19,0.72105,1.2459
2018-01-22,0.71971,1.2458
2018-01-23,0.71704,1.2454
2018-01-24,0.70582,1.2341
2018-01-25,0.70152,1.2323
2018-01-26,0.70228,1.2321
2018-01-29,0.7104,1.2335
2018-01-30,0.70791,1.2328
2018-01-31,0.70571,1.2293
2018-02-01,0.70246,1.2288
2018-02-02,0.70325,1.2380
2018-02-05,0.71196,1.2483
2018-02-06,0.72094,1.2530
2018-02-07,0.71871,1.2546
2018-02-08,0.71428,1.2585
2018-02-09,0.72305,1.2609
2018-02-12,0.7225,1.2603
2018-02-13,0.72111,1.2600
2018-02-14,0.72109,1.2562
2018-02-15,0.70968,1.2507
2018-02-16,0.71248,1.2540
2018-02-19,0.71386,1.2540
2018-02-20,0.71449,1.2622
2018-02-21,0.71851,1.2671
2018-02-22,0.71964,1.2709
2018-02-23,0.71502,1.2668
2018-02-26,0.71282,1.2686
2018-02-27,0.71864,1.2740
2018-02-28,0.72388,1.2809
2018-03-01,0.7273,1.2851
2018-03-02,0.72547,1.2891
2018-03-05,0.72373,1.2977
2018-03-06,0.71844,1.2898
2018-03-07,0.72089,1.2947
2018-03-08,0.72027,1.2927
2018-03-09,0.72324,1.2840
2018-03-12,0.72013,1.2830
2018-03-13,0.71619,1.2912
2018-03-14,0.71655,1.2944
2018-03-15,0.71696,1.3032
2018-03-16,0.71745,1.3088
2018-03-19,0.71162,1.3079
2018-03-20,0.71452,1.3077
2018-03-21,0.7114,1.2958
2018-03-22,0.70802,1.2908
2018-03-23,0.70699,1.2856
2018-03-26,0.70299,1.2886
2018-03-27,0.71057,1.2869
2018-03-28,0.70661,1.2902
2018-03-29,0.71009,1.2894
2018-04-02,0.71009,1.2908
2018-04-03,0.71111,1.2812
2018-04-04,0.71337,1.2809
2018-04-05,0.71285,1.2776
2018-04-06,0.71354,1.2764
2018-04-09,0.7078,1.2729
2018-04-10,0.70531,1.2618
2018-04-11,0.70543,1.2584
2018-04-12,0.70393,1.2596
2018-04-13,0.70147,1.2597
2018-04-16,0.69899,1.2579
2018-04-17,0.69823,1.2552
2018-04-18,0.70314,1.2614
2018-04-19,0.70243,1.2633
2018-04-20,0.71174,1.2728
2018-04-23,0.71613,1.2833
2018-04-24,0.71619,1.2828
2018-04-25,0.71711,1.2869
2018-04-26,0.71581,1.2862
2018-04-27,0.72659,1.2857
2018-04-30,0.72821,1.2836
2018-05-01,0.72821,1.2867
2018-05-02,0.73324,1.2851
2018-05-03,0.73532,1.2862
2018-05-04,0.7372,1.2861
2018-05-07,0.73946,1.2864
2018-05-08,0.74078,1.2963
2018-05-09,0.73613,1.2856
2018-05-10,0.73927,1.2775
2018-05-11,0.73739,1.2779
2018-05-14,0.73607,1.2775
2018-05-15,0.73971,1.2876
2018-05-16,0.74184,1.2809
2018-05-17,0.73994,1.2801
2018-05-18,0.74124,1.2880
2018-05-21,0.7453,1.2880
2018-05-22,0.7435,1.2786
2018-05-23,0.75122,1.2876
2018-05-24,0.74586,1.2891
2018-05-25,0.74981,1.2974
2018-05-28,0.75116,1.3001
2018-05-29,0.75396,1.3020
2018-05-30,0.75224,1.2897
2018-05-31,0.74947,1.2948
2018-06-01,0.75139,1.2964
2018-06-04,0.74698,1.2928
2018-06-05,0.74852,1.2993
2018-06-06,0.74529,1.2913
2018-06-07,0.74453,1.2972
2018-06-08,0.74641,1.2962
2018-06-11,0.74792,1.2993
2018-06-12,0.74801,1.3004
2018-06-13,0.74983,1.2988
2018-06-14,0.74751,1.3052
2018-06-15,0.75302,1.3177
2018-06-18,0.7548,1.3208
2018-06-19,0.7603,1.3276
2018-06-20,0.75901,1.3301
2018-06-21,0.75724,1.3310
2018-06-22,0.7526,1.3308
2018-06-25,0.75248,1.3303
2018-06-26,0.75531,1.3306
2018-06-27,0.75907,1.3307
2018-06-28,0.76422,1.3267
2018-06-29,0.76004,1.3168
2018-07-02,0.76166,1.3168
2018-07-03,0.75739,1.3154
2018-07-04,0.75681,1.3143
2018-07-05,0.75421,1.3129
2018-07-06,0.75567,1.3105
2018-07-09,0.74939,1.3097
2018-07-10,0.75419,1.3125
2018-07-11,0.754,1.3151
2018-07-12,0.7571,1.3166
2018-07-13,0.76001,1.3171
2018-07-16,0.75316,1.3137
2018-07-17,0.75788,1.3187
2018-07-18,0.76753,1.3204
2018-07-19,0.77061,1.3255
2018-07-20,0.76645,1.3142
2018-07-23,0.7611,1.3156
2018-07-24,0.76181,1.3157
2018-07-25,0.76009,1.3088
2018-07-26,0.75845,1.3065
2018-07-27,0.76407,1.3062
2018-07-30,0.76232,1.3021
2018-07-31,0.76022,1.3017
2018-08-01,0.76129,1.3002
2018-08-02,0.76737,1.3014
2018-08-03,0.76847,1.2983
2018-08-06,0.77346,1.2983
2018-08-07,0.77127,1.3023
2018-08-08,0.77733,1.3052
2018-08-09,0.77581,1.3040
2018-08-10,0.78278,1.3113
2018-08-13,0.78339,1.3136
2018-08-14,0.78292,1.3087
2018-08-15,0.7873,1.3138
2018-08-16,0.78714,1.3152
2018-08-17,0.78637,1.3081
2018-08-20,0.78352,1.3065
2018-08-21,0.78021,1.3036
2018-08-22,0.77417,1.3016
2018-08-23,0.77622,1.3063
2018-08-24,0.77839,1.3036
2018-08-27,0.7768,1.2986
2018-08-28,0.77438,1.2917
2018-08-29,0.77616,1.2931
2018-08-30,0.76769,1.2980
2018-08-31,0.77023,1.3055
2018-09-03,0.77662,1.3055
2018-09-04,0.77891,1.3182
2018-09-05,0.7799,1.3185
2018-09-06,0.77208,1.3188
2018-09-07,0.76862,1.3164
2018-09-10,0.7721,1.3163
2018-09-11,0.76955,1.3141
2018-09-12,0.76848,1.3014
2018-09-13,0.76592,1.2997
2018-09-14,0.76335,1.3033
2018-09-17,0.7615,1.3019
2018-09-18,0.76056,1.2992
2018-09-19,0.76123,1.2947
2018-09-20,0.75274,1.2905
2018-09-21,0.76027,1.2916
2018-09-24,0.75986,1.2935
2018-09-25,0.75932,1.2948
2018-09-26,0.75897,1.2975
2018-09-27,0.76,1.3045
2018-09-28,0.7665,1.2945
2018-10-01,0.76752,1.2803
2018-10-02,0.7714,1.2817
2018-10-03,0.76979,1.2832
2018-10-04,0.77013,1.2900
2018-10-05,0.76625,1.2936
2018-10-08,0.76677,1.2936
2018-10-09,0.76677,1.2965
2018-10-10,0.76042,1.2992
2018-10-11,0.75585,1.3038
2018-10-12,0.75721,1.3031
2018-10-15,0.76025,1.2993
2018-10-16,0.75596,1.2938
2018-10-17,0.76275,1.2994
2018-10-18,0.76352,1.3057
2018-10-19,0.76739,1.3104
2018-10-22,0.76931,1.3105
2018-10-23,0.76758,1.3098
2018-10-24,0.77472,1.3029
2018-10-25,0.77552,1.3076
2018-10-26,0.78167,1.3108
2018-10-29,0.78014,1.3119
2018-10-30,0.78393,1.3133
2018-10-31,0.78524,1.3142
2018-11-01,0.77392,1.3088
2018-11-02,0.76964,1.3105
2018-11-05,0.76988,1.3096
2018-11-06,0.76403,1.3130
2018-11-07,0.76089,1.3096
2018-11-08,0.76298,1.3114
2018-11-09,0.76726,1.3206
2018-11-12,0.7773,1.3206
2018-11-13,0.77209,1.3241
2018-11-14,0.77061,1.3235
2018-11-15,0.78169,1.3202
2018-11-16,0.77869,1.3154
2018-11-19,0.77958,1.3182
2018-11-20,0.77846,1.3259
2018-11-21,0.78103,1.3270
2018-11-22,0.77697,1.3205
2018-11-23,0.77942,1.3228
2018-11-26,0.77832,1.3230
2018-11-27,0.78344,1.3289
2018-11-28,0.78204,1.3302
2018-11-29,0.78278,1.3275
2018-11-30,0.78412,1.3301
2018-12-03,0.78671,1.3191
2018-12-04,0.78059,1.3219
2018-12-05,0.78285,1.3353
2018-12-06,0.78346,1.3404
2018-12-07,0.78344,1.3299
2018-12-10,0.78989,1.3379
2018-12-11,0.79293,1.3402
2018-12-12,0.79442,1.3346
2018-12-13,0.79015,1.3359
2018-12-14,0.79606,1.3379
2018-12-17,0.79261,1.3399
2018-12-18,0.78856,1.3454
2018-12-19,0.79192,1.3450
2018-12-20,0.78888,1.3495
2018-12-21,0.79039,1.3566
2018-12-24,0.78925,1.3589
2018-12-27,0.79171,1.3641
2018-12-28,0.78814,1.3638
2018-12-31,0.78125,1.3642
2019-01-02,0.79113,1.3600
2019-01-03,0.79584,1.3501
2019-01-04,0.78916,1.3410
2019-01-07,0.78392,1.3313
2019-01-08,0.78447,1.3293
2019-01-09,0.78492,1.3221
2019-01-10,0.7839,1.3234
2019-01-11,0.7805,1.3259
2019-01-14,0.77843,1.3269
2019-01-15,0.77928,1.3266
2019-01-16,0.77786,1.3248
2019-01-17,0.77448,1.3294
2019-01-18,0.77289,1.3260
2019-01-21,0.77718,1.3297
2019-01-22,0.77506,1.3340
2019-01-23,0.76725,1.3348
2019-01-24,0.76788,1.3351
2019-01-25,0.76309,1.3256
2019-01-28,0.76097,1.3260
2019-01-29,0.75937,1.3266
2019-01-30,0.76421,1.3192
2019-01-31,0.76234,1.3144
2019-02-01,0.76618,1.3095
2019-02-04,0.76608,1.3127
2019-02-05,0.76865,1.3134
2019-02-06,0.7712,1.3190
2019-02-07,0.77347,1.3285
2019-02-08,0.77111,1.3270
2019-02-11,0.77474,1.3294
2019-02-12,0.77643,1.3248
2019-02-13,0.77446,1.3240
2019-02-14,0.78048,1.3298
2019-02-15,0.78098,1.3266
2019-02-18,0.77348,1.3266
2019-02-19,0.77196,1.3238
2019-02-20,0.76658,1.3169
2019-02-21,0.76453,1.3196
2019-02-22,0.77053,1.3173
2019-02-25,0.76467,1.3174
2019-02-26,0.75746,1.3195
2019-02-27,0.75095,1.3145
2019-02-28,0.75188,1.3169
2019-03-01,0.75523,1.3260
2019-03-04,0.75659,1.3317
2019-03-05,0.76227,1.3345
2019-03-06,0.76046,1.3420
2019-03-07,0.76196,1.3438
2019-03-08,0.76551,1.3422
2019-03-11,0.76699,1.3414
2019-03-12,0.76404,1.3378
2019-03-13,0.7598,1.3326
2019-03-14,0.75456,1.3327
2019-03-15,0.75535,1.3342
2019-03-18,0.75478,1.3345
2019-03-19,0.7532,1.3292
2019-03-20,0.75991,1.3317
2019-03-21,0.76096,1.3366
2019-03-22,0.75995,1.3411
2019-03-25,0.75619,1.3420
2019-03-26,0.75573,1.3386
2019-03-27,0.75587,1.3414
2019-03-28,0.76266,1.3429
2019-03-29,0.76395,1.3363
2019-04-01,0.76235,1.3337
2019-04-02,0.76786,1.3344
2019-04-03,0.75949,1.3324
2019-04-04,0.76137,1.3357
2019-04-05,0.76505,1.3386
2019-04-08,0.76634,1.3325
2019-04-09,0.76558,1.3316
2019-04-10,0.76321,1.3326
2019-04-11,0.76499,1.3378
2019-04-12,0.76221,1.3329
2019-04-15,0.76288,1.3354
2019-04-16,0.76418,1.3361
2019-04-17,0.76624,1.3332
2019-04-18,0.76862,1.3382
2019-04-22,0.76862,1.3353
2019-04-23,0.76879,1.3421
2019-04-24,0.7721,1.3475
2019-04-25,0.77708,1.3493
2019-04-26,0.77553,1.3460
2019-04-29,0.77435,1.3456
2019-04-30,0.76884,1.3423
2019-05-01,0.76884,1.3416
2019-05-02,0.76641,1.3462
2019-05-03,0.76903,1.3429
2019-05-06,0.76319,1.3456
2019-05-07,0.76571,1.3476
2019-05-08,0.76857,1.3466
2019-05-09,0.76941,1.3483
2019-05-10,0.76803,1.3418
2019-05-13,0.7679,1.3457
2019-05-14,0.77252,1.3469
2019-05-15,0.77636,1.3451
2019-05-16,0.78071,1.3439
2019-05-17,0.78406,1.3468
2019-05-20,0.78463,1.3468
2019-05-21,0.78497,1.3413
2019-05-22,0.79026,1.3410
2019-05-23,0.79091,1.3478
2019-05-24,0.78947,1.3447
2019-05-27,0.78786,1.3442
2019-05-28,0.78961,1.3477
2019-05-29,0.79083,1.3514
2019-05-30,0.79197,1.3501
2019-05-31,0.79538,1.3527
2019-06-03,0.79229,1.3470
2019-06-04,0.7892,1.3414
2019-06-05,0.78734,1.3401
2019-06-06,0.78606,1.3378
2019-06-07,0.78661,1.3283
2019-06-10,0.78974,1.3267
2019-06-11,0.78697,1.3278
2019-06-12,0.78429,1.3303
2019-06-13,0.78792,1.3324
2019-06-14,0.79088,1.3385
2019-06-17,0.79409,1.3407
2019-06-18,0.79917,1.3394
2019-06-19,0.79432,1.3343
2019-06-20,0.78849,1.3191
2019-06-21,0.79025,1.3212
2019-06-24,0.78432,1.3194
2019-06-25,0.78578,1.3174
2019-06-26,0.78862,1.3130
2019-06-27,0.78653,1.3111
2019-06-28,0.78783,1.3087
2019-07-01,0.79054,1.3087
2019-07-02,0.79146,1.3114
2019-07-03,0.79474,1.3073
2019-07-04,0.79491,1.3059
2019-07-05,0.79665,1.3099
2019-07-08,0.79915,1.3081
2019-07-09,0.80299,1.3127
2019-07-10,0.8015,1.3092
2019-07-11,0.79566,1.3071
2019-07-12,0.7979,1.3038
2019-07-15,0.79752,1.3039
2019-07-16,0.80424,1.3052
2019-07-17,0.80553,1.3053
2019-07-18,0.80111,1.3069
2019-07-19,0.79846,1.3071
2019-07-22,0.80221,1.3103
2019-07-23,0.80399,1.3142
2019-07-24,0.80021,1.3137
2019-07-25,0.80039,1.3146
2019-07-26,0.80475,1.3182
2019-07-29,0.81341,1.3159
2019-07-30,0.82171,1.3168
2019-07-31,0.82166,1.3148
2019-08-01,0.82586,1.3217
2019-08-02,0.82392,1.3225
2019-08-05,0.82168,1.3225
2019-08-06,0.82086,1.3253
2019-08-07,0.82443,1.3322
2019-08-08,0.82297,1.3257
2019-08-09,0.8289,1.3221
2019-08-12,0.82736,1.3234
2019-08-13,0.82721,1.3236
2019-08-14,0.82832,1.3311
2019-08-15,0.82388,1.3325
2019-08-16,0.82189,1.3286
2019-08-19,0.82485,1.3298
2019-08-20,0.82722,1.3323
2019-08-21,0.82443,1.3278
2019-08-22,0.82243,1.3293
2019-08-23,0.81747,1.3310
2019-08-26,0.81691,1.3279
2019-08-27,0.81444,1.3267
2019-08-28,0.81948,1.3301
2019-08-29,0.81766,1.3296
2019-08-30,0.82063,1.3295
2019-09-02,0.82805,1.3295
2019-09-03,0.83099,1.3343
2019-09-04,0.81916,1.3263
2019-09-05,0.81009,1.3228
2019-09-06,0.81287,1.3174
2019-09-09,0.80916,1.3155
2019-09-10,0.80888,1.3153
2019-09-11,0.81008,1.3181
2019-09-12,0.81109,1.3205
2019-09-13,0.80293,1.3257
2019-09-16,0.80238,1.3248
2019-09-17,0.80549,1.3257
2019-09-18,0.80268,1.3271
2019-09-19,0.8018,1.3259
2019-09-20,0.79991,1.3275
2019-09-23,0.80421,1.3270
2019-09-24,0.80117,1.3249
2019-09-25,0.80739,1.3270
2019-09-26,0.80915,1.3260
2019-09-27,0.81187,1.3249
2019-09-30,0.81342,1.3243
2019-10-01,0.81625,1.3244
2019-10-02,0.81437,1.3294
2019-10-03,0.81079,1.3330
2019-10-04,0.81105,1.3317
2019-10-07,0.81102,1.3306
2019-10-08,0.81736,1.3323
2019-10-09,0.81823,1.3324
2019-10-10,0.81736,1.3294
2019-10-11,0.79252,1.3198
2019-10-14,0.7976,1.3198
2019-10-15,0.79093,1.3211
2019-10-16,0.78512,1.3201
2019-10-17,0.78143,1.3143
2019-10-18,0.77562,1.3132
2019-10-21,0.76909,1.3096
2019-10-22,0.77327,1.3094
2019-10-23,0.77684,1.3086
2019-10-24,0.77541,1.3075
2019-10-25,0.77967,1.3064
2019-10-28,0.77864,1.3056
2019-10-29,0.77808,1.3075
2019-10-30,0.77616,1.3152
2019-10-31,0.77222,1.3160
2019-11-01,0.77213,1.3157
2019-11-04,0.77405,1.3148
2019-11-05,0.77516,1.3153
2019-11-06,0.77577,1.3179
2019-11-07,0.78037,1.3176
2019-11-08,0.78084,1.3223
2019-11-11,0.77659,1.3223
2019-11-12,0.77912,1.3228
2019-11-13,0.77921,1.3249
2019-11-14,0.77879,1.3258
2019-11-15,0.77633,1.3231
2019-11-18,0.77145,1.3214
2019-11-19,0.77253,1.3237
2019-11-20,0.77507,1.3304
2019-11-21,0.77133,1.3285
2019-11-22,0.77754,1.3287
2019-11-25,0.77684,1.3307
2019-11-26,0.77781,1.3288
2019-11-27,0.77618,1.3278
2019-11-28,0.77401,1.3285
2019-11-29,0.77604,1.3289
2019-12-02,0.77309,1.3297
2019-12-03,0.76958,1.3302
2019-12-04,0.76356,1.3223
2019-12-05,0.7614,1.3174
2019-12-06,0.76125,1.3255
2019-12-09,0.76023,1.3235
2019-12-10,0.75899,1.3233
2019-12-11,0.76068,1.3201
2019-12-12,0.75927,1.3182
2019-12-13,0.74734,1.3183
2019-12-16,0.74839,1.3142
2019-12-17,0.75925,1.3160
2019-12-18,0.76523,1.3119
2019-12-19,0.76525,1.3122
2019-12-20,0.76717,1.3164
2019-12-23,0.77389,1.3160
2019-12-24,0.77196,1.3157
2019-12-27,0.76329,1.3078
2019-12-30,0.76153,1.3059
2019-12-31,0.75734,1.2988
2020-01-02,0.75787,1.2992
2020-01-03,0.76357,1.2988
2020-01-06,0.76126,1.2970
2020-01-07,0.76247,1.3009
2020-01-08,0.76354,1.3026
2020-01-09,0.76764,1.3079
2020-01-10,0.76467,1.3051
2020-01-13,0.77081,1.3048
2020-01-14,0.77029,1.3062
2020-01-15,0.76901,1.3050
2020-01-16,0.76524,1.3045
2020-01-17,0.76616,1.3062
2020-01-20,0.76928,1.3053
2020-01-21,0.765,1.3067
2020-01-22,0.76159,1.3116
2020-01-23,0.76186,1.3143
2020-01-24,0.76405,1.3140
2020-01-27,0.76515,1.3182
2020-01-28,0.76877,1.3179
2020-01-29,0.76884,1.3196
2020-01-30,0.76329,1.3217
2020-01-31,0.76163,1.3233
2020-02-03,0.76609,1.3275
2020-02-04,0.76828,1.3278
2020-02-05,0.76607,1.3289
2020-02-06,0.77102,1.3290
2020-02-07,0.77236,1.3305
2020-02-10,0.77279,1.3319
2020-02-11,0.77355,1.3292
2020-02-12,0.77019,1.3254
2020-02-13,0.76723,1.3256
2020-02-14,0.76746,1.3249
2020-02-17,0.76823,1.3249
2020-02-18,0.76724,1.3258
2020-02-19,0.76989,1.3231
2020-02-20,0.77702,1.3254
2020-02-21,0.77317,1.3224
2020-02-24,0.77494,1.3279
2020-02-25,0.77149,1.3281
2020-02-26,0.77379,1.3307
2020-02-27,0.77522,1.3361
2020-02-28,0.77722,1.3429
2020-03-02,0.78325,1.3356
2020-03-03,0.78268,1.3363
2020-03-04,0.78067,1.3392
2020-03-05,0.77474,1.3415
2020-03-06,0.76892,1.3421
2020-03-09,0.76277,1.3598
2020-03-10,0.76721,1.3731
2020-03-11,0.77355,1.3745
2020-03-12,0.78846,1.3820
2020-03-13,0.80214,1.3901
2020-03-16,0.8149,1.3964
2020-03-17,0.82702,1.4175
2020-03-18,0.84315,1.4496
2020-03-19,0.86089,1.4495
2020-03-20,0.85017,1.4332
2020-03-23,0.86219,1.4482
2020-03-24,0.8494,1.4491
2020-03-25,0.84514,1.4302
2020-03-26,0.83187,1.4077
2020-03-27,0.81755,1.4056
2020-03-30,0.80569,1.4156
2020-03-31,0.80908,1.4187
2020-04-01,0.80889,1.4217
2020-04-02,0.80449,1.4179
2020-04-03,0.81456,1.4142
2020-04-06,0.81364,1.4127
2020-04-07,0.80931,1.3986
2020-04-08,0.80901,1.4034
2020-04-09,0.80579,1.3985
2020-04-13,0.80579,1.3936
2020-04-14,0.79589,1.3904
2020-04-15,0.80148,1.4086
2020-04-16,0.80054,1.4122
2020-04-17,0.8009,1.4037
2020-04-20,0.80426,1.4086
2020-04-21,0.81314,1.4203
2020-04-22,0.80905,1.4155
2020-04-23,0.80951,1.4063
2020-04-24,0.81017,1.4090
2020-04-27,0.80412,1.4053
2020-04-28,0.80057,1.3978
2020-04-29,0.80592,1.3922
2020-04-30,0.79905,1.3910
2020-05-01,0.79905,1.4066
2020-05-04,0.80331,1.4085
2020-05-05,0.80291,1.4032
2020-05-06,0.80737,1.4124
2020-05-07,0.81126,1.4015
2020-05-08,0.8073,1.3934
2020-05-11,0.81185,1.4012
2020-05-12,0.80837,1.4015
2020-05-13,0.81145,1.4073
2020-05-14,0.82001,1.4090
2020-05-15,0.8218,1.4094
2020-05-18,0.82305,1.4094
2020-05-19,0.81767,1.3893
2020-05-20,0.81546,1.3892
2020-05-21,0.81766,1.3935
2020-05-22,0.82138,1.4015
2020-05-25,0.82049,1.3984
2020-05-26,0.80982,1.3804
2020-05-27,0.81517,1.3780
2020-05-28,0.81452,1.3764
2020-05-29,0.80898,1.3787
2020-06-01,0.8067,1.3630
2020-06-02,0.79723,1.3515
2020-06-03,0.79565,1.3504
2020-06-04,0.7972,1.3508
2020-06-05,0.78948,1.3429
2020-06-08,0.79019,1.3383
2020-06-09,0.78909,1.3423
2020-06-10,0.78209,1.3390
2020-06-11,0.79014,1.3553
2020-06-12,0.79311,1.3596
2020-06-15,0.79666,1.3604
2020-06-16,0.79033,1.3558
2020-06-17,0.79637,1.3555
2020-06-18,0.80225,1.3589
2020-06-19,0.80736,1.3587
2020-06-22,0.80556,1.3545
2020-06-23,0.80076,1.3516
2020-06-24,0.80091,1.3591
2020-06-25,0.80476,1.3645
2020-06-26,0.80777,1.3676
2020-06-29,0.81124,1.3682
2020-06-30,0.81482,1.3628
2020-07-01,0.80741,1.3628
2020-07-02,0.79944,1.3586
2020-07-03,0.80292,1.3565
2020-07-06,0.79916,1.3543
2020-07-07,0.79849,1.3583
2020-07-08,0.79677,1.3538
2020-07-09,0.79047,1.3555
2020-07-10,0.79434,1.3594
2020-07-13,0.79387,1.3567
2020-07-14,0.79805,1.3616
2020-07-15,0.79116,1.3534
2020-07-16,0.79617,1.3543
2020-07-17,0.79697,1.3574
2020-07-20,0.79119,1.3543
2020-07-21,0.78699,1.3446
2020-07-22,0.78704,1.3420
2020-07-23,0.78827,1.3392
2020-07-24,0.78381,1.3421
2020-07-27,0.7767,1.3378
2020-07-28,0.77638,1.3373
2020-07-29,0.77087,1.3360
2020-07-30,0.7687,1.3432
2020-07-31,0.76007,1.3404
2020-08-03,0.76764,1.3404
2020-08-04,0.76783,1.3372
2020-08-05,0.76147,1.3262
2020-08-06,0.76022,1.3292
2020-08-07,0.76477,1.3377
2020-08-10,0.76643,1.3354
2020-08-11,0.76248,1.3291
2020-08-12,0.76863,1.3254
2020-08-13,0.76374,1.3217
2020-08-14,0.76334,1.3250
2020-08-17,0.76457,1.3207
2020-08-18,0.75907,1.3170
2020-08-19,0.7571,1.3171
2020-08-20,0.76095,1.3195
2020-08-21,0.76264,1.3205
2020-08-24,0.76116,1.3207
2020-08-25,0.76134,1.3194
2020-08-26,0.76079,1.3155
2020-08-27,0.75813,1.3129
2020-08-28,0.75089,1.3097
2020-08-31,0.75046,1.3042
2020-09-01,0.74226,1.3055
2020-09-02,0.74901,1.3067
2020-09-03,0.75455,1.3123
2020-09-04,0.75431,1.3089
2020-09-07,0.75977,1.3089
2020-09-08,0.76753,1.3191
2020-09-09,0.77476,1.3173
2020-09-10,0.77298,1.3162
2020-09-11,0.77955,1.3186
2020-09-14,0.77627,1.3175
2020-09-15,0.77443,1.3176
2020-09-16,0.77027,1.3168
2020-09-17,0.77588,1.3200
2020-09-18,0.77172,1.3186
2020-09-21,0.7772,1.3293
2020-09-22,0.78146,1.3310
2020-09-23,0.78588,1.3358
2020-09-24,0.78341,1.3374
2020-09-25,0.78514,1.3396
2020-09-28,0.77556,1.3378
2020-09-29,0.77733,1.3391
2020-09-30,0.77925,1.3339
2020-10-01,0.77198,1.3292
2020-10-02,0.773,1.3310
2020-10-05,0.77167,1.3269
2020-10-06,0.77201,1.3272
2020-10-07,0.77666,1.3275
2020-10-08,0.77378,1.3220
2020-10-09,0.77293,1.3136
2020-10-12,0.76784,1.3136
2020-10-13,0.76857,1.3133
2020-10-14,0.76932,1.3139
2020-10-15,0.77394,1.3230
2020-10-16,0.77434,1.3192
2020-10-19,0.76867,1.3165
2020-10-20,0.77332,1.3138
2020-10-21,0.76573,1.3122
2020-10-22,0.76367,1.3142
2020-10-23,0.7648,1.3140
2020-10-26,0.76787,1.3201
2020-10-27,0.76672,1.3164
2020-10-28,0.7731,1.3302
2020-10-29,0.77264,1.3349
2020-10-30,0.77114,1.3318
2020-11-02,0.77285,1.3257
2020-11-03,0.76946,1.3145
2020-11-04,0.76746,1.3138
2020-11-05,0.76297,1.3051
2020-11-06,0.76184,1.3039
2020-11-09,0.75927,1.2970
2020-11-10,0.75528,1.3017
2020-11-11,0.75586,1.3017
2020-11-12,0.7613,1.3123
2020-11-13,0.75906,1.3147
2020-11-16,0.75925,1.3085
2020-11-17,0.75396,1.3094
2020-11-18,0.75306,1.3063
2020-11-19,0.75539,1.3083
2020-11-20,0.75354,1.3071
2020-11-23,0.7469,1.3082
2020-11-24,0.75021,1.3033
2020-11-25,0.74961,1.3003
2020-11-26,0.74898,1.3013
2020-11-27,0.75023,1.2985
2020-11-30,0.74996,1.2965
2020-12-01,0.75032,1.2952
2020-12-02,0.74996,1.2934
2020-12-03,0.74363,1.2880
2020-12-04,0.74251,1.2801
2020-12-07,0.7521,1.2801
2020-12-08,0.75238,1.2808
2020-12-09,0.74325,1.2803
2020-12-10,0.75196,1.2734
2020-12-11,0.76106,1.2769
2020-12-14,0.74577,1.2757
2020-12-15,0.7479,1.2722
2020-12-16,0.73796,1.2753
2020-12-17,0.73534,1.2718
2020-12-18,0.74091,1.2775
2020-12-21,0.75257,1.2849
2020-12-22,0.74473,1.2908
2020-12-23,0.74552,1.2856
2020-12-24,0.73645,1.2835
2020-12-28,0.7399,1.2835
2020-12-29,0.74119,1.2806
2020-12-30,0.73534,1.2769
2020-12-31,0.73265,1.2732
2021-01-04,0.73325,1.2751
2021-01-05,0.73615,1.2707
2021-01-06,0.7346,1.2685
2021-01-07,0.73469,1.2707
2021-01-08,0.73574,1.2705
2021-01-11,0.74188,1.2788
2021-01-12,0.73547,1.2746
2021-01-13,0.73141,1.2710
2021-01-14,0.73361,1.2654
2021-01-15,0.73413,1.2727
2021-01-18,0.73834,1.2762
2021-01-19,0.73442,1.2735
2021-01-20,0.73187,1.2656
2021-01-21,0.72894,1.2627
2021-01-22,0.7324,1.2716
2021-01-25,0.73074,1.2738
2021-01-26,0.73045,1.2702
2021-01-27,0.72969,1.2775
2021-01-28,0.7328,1.2810
2021-01-29,0.72827,1.2780
2021-02-01,0.72989,1.2824
2021-02-02,0.73128,1.2818
2021-02-03,0.7335,1.2783
2021-02-04,0.73102,1.2828
2021-02-05,0.73052,1.2777
2021-02-08,0.73042,1.2753
2021-02-09,0.72561,1.2719
2021-02-10,0.72277,1.2689
2021-02-11,0.72244,1.2686
2021-02-12,0.72475,1.2711
2021-02-15,0.71914,1.2711
2021-02-16,0.7192,1.2684
2021-02-17,0.72106,1.2712
2021-02-18,0.71615,1.2696
2021-02-19,0.71265,1.2614
2021-02-22,0.71318,1.2613
2021-02-23,0.71076,1.2603
2021-02-24,0.7083,1.2548
2021-02-25,0.70681,1.2530
2021-02-26,0.7182,1.2685
2021-03-01,0.71814,1.2661
2021-03-02,0.7186,1.2626
2021-03-03,0.71672,1.2631
2021-03-04,0.71689,1.2637
2021-03-05,0.7229,1.2668
2021-03-08,0.72247,1.2660
2021-03-09,0.72056,1.2635
2021-03-10,0.72027,1.2637
2021-03-11,0.71577,1.2561
2021-03-12,0.71931,1.2493
2021-03-15,0.71871,1.2480
2021-03-16,0.72065,1.2455
2021-03-17,0.71948,1.2465
2021-03-18,0.71839,1.2458
2021-03-19,0.72124,1.2506
2021-03-22,0.72307,1.2513
2021-03-23,0.72539,1.2562
2021-03-24,0.72939,1.2562
2021-03-25,0.72927,1.2606
2021-03-26,0.72571,1.2580
2021-03-29,0.72234,1.2594
2021-03-30,0.72718,1.2631
2021-03-31,0.72673,1.2575
2021-04-01,0.72531,1.2565
2021-04-05,0.72531,1.2525
2021-04-06,0.72264,1.2559
2021-04-07,0.72421,1.2617
2021-04-08,0.72678,1.2579
2021-04-09,0.72895,1.2544
2021-04-12,0.7268,1.2553
2021-04-13,0.7288,1.2554
2021-04-14,0.7265,1.2533
2021-04-15,0.72475,1.2530
2021-04-16,0.72412,1.2503
2021-04-19,0.71753,1.2519
2021-04-20,0.71608,1.2572
2021-04-21,0.71833,1.2523
2021-04-22,0.72103,1.2500
2021-04-23,0.72025,1.2489
2021-04-26,0.71969,1.2412
2021-04-27,0.71885,1.2403
2021-04-28,0.7207,1.2357
2021-04-29,0.71655,1.2292
2021-04-30,0.71895,1.2285
2021-05-03,0.72101,1.2279
2021-05-04,0.72182,1.2315
2021-05-05,0.71865,1.2272
2021-05-06,0.71897,1.2200
2021-05-07,0.71988,1.2156
2021-05-10,0.70832,1.2095
2021-05-11,0.70676,1.2096
2021-05-12,0.70802,1.2096
2021-05-13,0.71238,1.2150
2021-05-14,0.71008,1.2109
2021-05-17,0.71,1.2081
2021-05-18,0.70363,1.2051
2021-05-19,0.70613,1.2100
2021-05-20,0.70802,1.2070
2021-05-21,0.70455,1.2061
2021-05-24,0.70757,1.2061
2021-05-25,0.70591,1.2057
2021-05-26,0.70594,1.2110
2021-05-27,0.70559,1.2073
2021-05-28,0.70635,1.2086
2021-05-31,0.70497,1.2072
2021-06-01,0.70581,1.2040
2021-06-02,0.70675,1.2052
2021-06-03,0.7053,1.2103
2021-06-04,0.70719,1.2084
2021-06-07,0.70568,1.2073
2021-06-08,0.70678,1.2097
2021-06-09,0.70564,1.2095
2021-06-10,0.70883,1.2094
2021-06-11,0.70689,1.2148
2021-06-14,0.7092,1.2142
2021-06-15,0.71151,1.2188
2021-06-16,0.70793,1.2191
2021-06-17,0.71647,1.2341
2021-06-18,0.721,1.2419
2021-06-21,0.72046,1.2377
2021-06-22,0.71935,1.2356
2021-06-23,0.71488,1.2287
2021-06-24,0.71953,1.2316
2021-06-25,0.71925,1.2294
2021-06-28,0.71965,1.2335
2021-06-29,0.72298,1.2384
2021-06-30,0.72202,1.2394
2021-07-01,0.72394,1.2394
2021-07-02,0.72742,1.2353
2021-07-05,0.72194,1.2343
2021-07-06,0.72183,1.2446
2021-07-07,0.72268,1.2475
2021-07-08,0.7276,1.2540
2021-07-09,0.72321,1.2476
2021-07-12,0.72199,1.2471
2021-07-13,0.72204,1.2514
2021-07-14,0.72094,1.2497
2021-07-15,0.72138,1.2572
2021-07-16,0.72274,1.2593
2021-07-19,0.73018,1.2759
2021-07-20,0.73499,1.2730
2021-07-21,0.73363,1.2589
2021-07-22,0.72665,1.2567
2021-07-23,0.72697,1.2575
2021-07-26,0.7251,1.2549
2021-07-27,0.72399,1.2578
2021-07-28,0.72072,1.2566
2021-07-29,0.71658,1.2450
2021-07-30,0.716,1.2462
2021-08-02,0.71991,1.2462
2021-08-03,0.71817,1.2545
2021-08-04,0.71792,1.2545
2021-08-05,0.71781,1.2497
2021-08-06,0.71856,1.2550
2021-08-09,0.72056,1.2565
2021-08-10,0.72145,1.2540
2021-08-11,0.7228,1.2506
2021-08-12,0.72189,1.2520
2021-08-13,0.72327,1.2514
2021-08-16,0.72097,1.2569
2021-08-17,0.7251,1.2623
2021-08-18,0.72663,1.2630
2021-08-19,0.73122,1.2792
2021-08-20,0.73473,1.2856
2021-08-23,0.7308,1.2682
2021-08-24,0.72894,1.2608
2021-08-25,0.72929,1.2619
2021-08-26,0.72846,1.2651
2021-08-27,0.72871,1.2635
2021-08-30,0.72662,1.2603
2021-08-31,0.72566,1.2617
2021-09-01,0.72661,1.2607
2021-09-02,0.72527,1.2573
2021-09-03,0.72305,1.2518
2021-09-06,0.72244,1.2518
2021-09-07,0.7261,1.2621
2021-09-08,0.72608,1.2676
2021-09-09,0.72271,1.2654
2021-09-10,0.72004,1.2631
2021-09-13,0.72258,1.2662
2021-09-14,0.72169,1.2661
2021-09-15,0.72319,1.2651
2021-09-16,0.72282,1.2674
2021-09-17,0.72464,1.2721
2021-09-20,0.73183,1.2828
2021-09-21,0.73143,1.2801
2021-09-22,0.73323,1.2756
2021-09-23,0.72979,1.2653
2021-09-24,0.73132,1.2680
2021-09-27,0.73021,1.2637
2021-09-28,0.736,1.2680
2021-09-29,0.74175,1.2741
2021-09-30,0.74318,1.2741
2021-10-01,0.73839,1.2654
2021-10-04,0.73505,1.2583
2021-10-05,0.73412,1.2575
2021-10-06,0.73618,1.2613
2021-10-07,0.73537,1.2558
2021-10-08,0.73377,1.2482
2021-10-11,0.73335,1.2482
2021-10-12,0.73349,1.2461
2021-10-13,0.73428,1.2445
2021-10-14,0.72934,1.2372
2021-10-15,0.72718,1.2379
2021-10-18,0.72766,1.2375
2021-10-19,0.72308,1.2357
2021-10-20,0.72703,1.2329
2021-10-21,0.72433,1.2351
2021-10-22,0.72545,1.2357
2021-10-25,0.72723,1.2379
2021-10-26,0.72455,1.2376
2021-10-27,0.72764,1.2358
2021-10-28,0.72779,1.2349
2021-10-29,0.72555,1.2384
2021-11-01,0.73048,1.2368
2021-11-02,0.73218,1.2404
2021-11-03,0.73262,1.2417
2021-11-04,0.73775,1.2449
2021-11-05,0.74264,1.2452
2021-11-08,0.73822,1.2449
2021-11-09,0.7375,1.2448
2021-11-10,0.74016,1.2452
2021-11-11,0.7464,1.2452
2021-11-12,0.7469,1.2565
2021-11-15,0.74419,1.2517
2021-11-16,0.7436,1.2550
2021-11-17,0.74311,1.2595
2021-11-18,0.74194,1.2615
2021-11-19,0.74464,1.2639
2021-11-22,0.74413,1.2680
2021-11-23,0.74771,1.2707
2021-11-24,0.74902,1.2677
2021-11-25,0.75109,1.2654
2021-11-26,0.74945,1.2771
2021-11-29,0.75012,1.2765
2021-11-30,0.74956,1.2792
2021-12-01,0.75128,1.2776
2021-12-02,0.75082,1.2815
2021-12-03,0.75324,1.2812
2021-12-06,0.75421,1.2780
2021-12-07,0.75456,1.2660
2021-12-08,0.75762,1.2642
2021-12-09,0.75802,1.2700
2021-12-10,0.75716,1.2714
2021-12-13,0.75508,1.2791
2021-12-14,0.75466,1.2845
2021-12-15,0.75457,1.2893
2021-12-16,0.74837,1.2782
2021-12-17,0.75206,1.2846
2021-12-20,0.75583,1.2942
2021-12-21,0.75502,1.2927
2021-12-22,0.75126,1.2865
2021-12-23,0.74472,1.2816
2021-12-24,0.74568,1.2813
2021-12-27,0.74549,1.2813
2021-12-28,0.74352,1.2804
2021-12-29,0.74418,1.2776
2021-12-30,0.74052,1.2776
2021-12-31,0.7419,1.2678
2022-01-03,0.74095,1.2678
2022-01-04,0.74136,1.2708
2022-01-05,0.7381,1.2717
2022-01-06,0.73878,1.2741
2022-01-07,0.73845,1.2666
2022-01-10,0.73686,1.2679
2022-01-11,0.73637,1.2606
2022-01-12,0.73296,1.2510
2022-01-13,0.72882,1.2484
2022-01-14,0.72952,1.2545
2022-01-17,0.7329,1.2520
2022-01-18,0.7361,1.2529
2022-01-19,0.73308,1.2492
2022-01-20,0.73439,1.2474
2022-01-21,0.73698,1.2545
2022-01-24,0.74136,1.2656
2022-01-25,0.74293,1.2629
2022-01-26,0.74007,1.2606
2022-01-27,0.74703,1.2712
2022-01-28,0.74679,1.2772
2022-01-31,0.74537,1.2719
2022-02-01,0.74155,1.2694
2022-02-02,0.73651,1.2677
2022-02-03,0.73727,1.2679
2022-02-04,0.7379,1.2758
2022-02-07,0.7398,1.2688
2022-02-08,0.73951,1.2709
2022-02-09,0.73682,1.2680
2022-02-10,0.7365,1.2682
2022-02-11,0.73538,1.2702
2022-02-14,0.73984,1.2738
2022-02-15,0.73834,1.2741
2022-02-16,0.73813,1.2686
2022-02-17,0.73433,1.2695
2022-02-18,0.73476,1.2734
2022-02-21,0.73468,1.2734
2022-02-22,0.73783,1.2743
2022-02-23,0.73575,1.2718
2022-02-24,0.74768,1.2832
2022-02-25,0.74661,1.2747
2022-02-28,0.74605,1.2698
2022-03-01,0.74619,1.2708
2022-03-02,0.75019,1.2668
2022-03-03,0.74732,1.2664
2022-03-04,0.75385,1.2750
2022-03-07,0.75838,1.2773
2022-03-08,0.76373,1.2867
2022-03-09,0.76021,1.2821
2022-03-10,0.75943,1.2776
2022-03-11,0.76406,1.2720
2022-03-14,0.76565,1.2777
2022-03-15,0.76474,1.2803
2022-03-16,0.76394,1.2721
2022-03-17,0.76296,1.2651
2022-03-18,0.7624,1.2617
2022-03-21,0.75897,1.2593
2022-03-22,0.75497,1.2588
2022-03-23,0.75812,1.2571
2022-03-24,0.75868,1.2545
2022-03-25,0.75786,1.2502
2022-03-28,0.76275,1.2541
2022-03-29,0.76175,1.2509
2022-03-30,0.76005,1.2470
2022-03-31,0.76205,1.2496
2022-04-01,0.76136,1.2512
2022-04-04,0.76229,1.2490
2022-04-05,0.76115,1.2451
2022-04-06,0.76419,1.2509
2022-04-07,0.76447,1.2584
2022-04-08,0.76747,1.2589
2022-04-11,0.76783,1.2621
2022-04-12,0.76839,1.2617
2022-04-13,0.76926,1.2607
2022-04-14,0.76216,1.2601
2022-04-18,0.76216,1.2618
2022-04-19,0.76789,1.2624
2022-04-20,0.76607,1.2502
2022-04-21,0.76718,1.2529
2022-04-22,0.77586,1.2702
2022-04-25,0.78476,1.2758
2022-04-26,0.78822,1.2797
2022-04-27,0.79576,1.2828
2022-04-28,0.80448,1.2829
2022-04-29,0.79609,1.2792
2022-05-02,0.79637,1.2895
2022-05-03,0.79699,1.2847
2022-05-04,0.79949,1.2810
2022-05-05,0.80611,1.2822
2022-05-06,0.81008,1.2882
2022-05-09,0.80723,1.2964
2022-05-10,0.81102,1.3012
2022-05-11,0.80918,1.2970
2022-05-12,0.81949,1.3039
2022-05-13,0.8196,1.2953
2022-05-16,0.81601,1.2888
2022-05-17,0.80068,1.2834
2022-05-18,0.80462,1.2841
2022-05-19,0.80502,1.2809
2022-05-20,0.80193,1.2829
2022-05-23,0.79541,1.2826
2022-05-24,0.79991,1.2837
2022-05-25,0.80044,1.2792
2022-05-26,0.7953,1.2738
2022-05-27,0.7916,1.2662
2022-05-30,0.79106,1.2662
2022-05-31,0.79472,1.2648
2022-06-01,0.79498,1.2639
2022-06-02,0.79681,1.2597
2022-06-03,0.79609,1.2579
2022-06-06,0.79634,1.2564
2022-06-07,0.80065,1.2555
2022-06-08,0.79686,1.2540
2022-06-09,0.79729,1.2644
2022-06-10,0.80401,1.2777
2022-06-13,0.82114,1.2859
2022-06-14,0.82834,1.2940
2022-06-15,0.82761,1.2948
2022-06-16,0.8226,1.2928
2022-06-17,0.81537,1.3035
2022-06-20,0.81533,1.2994
2022-06-21,0.81526,1.2929
2022-06-22,0.81632,1.2942
2022-06-23,0.81786,1.2982
2022-06-24,0.81502,1.2933
2022-06-27,0.81536,1.2887
2022-06-28,0.81763,1.2864
2022-06-29,0.82211,1.2878
2022-06-30,0.82623,1.2886
2022-07-01,0.83116,1.2886
2022-07-04,0.82219,1.2867
2022-07-05,0.83426,1.3038
2022-07-06,0.84186,1.3047
2022-07-07,0.836,1.2986
2022-07-08,0.83228,1.2968
2022-07-11,0.8372,1.3000
2022-07-12,0.84468,1.3015
2022-07-13,0.83809,1.2976
2022-07-14,0.84518,1.3138
2022-07-15,0.8449,1.3038
2022-07-18,0.83613,1.2948
2022-07-19,0.83263,1.2904
2022-07-20,0.83516,1.2884
2022-07-21,0.83876,1.2895
2022-07-22,0.83553,1.2876
2022-07-25,0.82858,1.2852
2022-07-26,0.83522,1.2883
2022-07-27,0.82878,1.2872
2022-07-28,0.82579,1.2835
2022-07-29,0.82359,1.2824
2022-08-01,0.81794,1.2824
2022-08-02,0.81832,1.2856
2022-08-03,0.82037,1.2853
2022-08-04,0.82734,1.2854
2022-08-05,0.82349,1.2934
2022-08-08,0.82523,1.2857
2022-08-09,0.82587,1.2880
2022-08-10,0.82528,1.2789
2022-08-11,0.8181,1.2753
2022-08-12,0.82368,1.2783
2022-08-15,0.82761,1.2908
2022-08-16,0.83129,1.2867
2022-08-17,0.82849,1.2912
2022-08-18,0.82915,1.2928
2022-08-19,0.84482,1.2991
2022-08-22,0.8465,1.3035
2022-08-23,0.84963,1.2972
2022-08-24,0.84843,1.2983
2022-08-25,0.84547,1.2937
2022-08-26,0.84531,1.2989
2022-08-29,0.8554,1.3009
2022-08-30,0.85355,1.3076
2022-08-31,0.86035,1.3111
2022-09-01,0.86438,1.3166
2022-09-02,0.86539,1.3121
2022-09-05,0.87054,1.3121
2022-09-06,0.86365,1.3139
2022-09-07,0.87516,1.3164
2022-09-08,0.86578,1.3116
2022-09-09,0.86436,1.3035
2022-09-12,0.85453,1.2980
2022-09-13,0.853,1.3110
2022-09-14,0.86585,1.3166
2022-09-15,0.87004,1.3200
2022-09-16,0.87804,1.3285
2022-09-19,0.87873,1.3288
2022-09-20,0.87518,1.3345
2022-09-21,0.88164,1.3397
2022-09-22,0.8828,1.3480
2022-09-23,0.90425,1.3570
2022-09-26,0.92685,1.3716
2022-09-27,0.92571,1.3726
2022-09-28,0.94373,1.3660
2022-09-29,0.92196,1.3707
2022-09-30,0.90583,1.3707
2022-10-03,0.89175,1.3662
2022-10-04,0.88235,1.3574
2022-10-05,0.88089,1.3641
2022-10-06,0.88827,1.3719
2022-10-07,0.89194,1.3712
2022-10-10,0.90471,1.3712
2022-10-11,0.90202,1.3775
2022-10-12,0.90501,1.3802
2022-10-13,0.88832,1.3806
2022-10-14,0.89352,1.3856
2022-10-17,0.88561,1.3730
2022-10-18,0.88386,1.3756
2022-10-19,0.88968,1.3779
2022-10-20,0.88939,1.3729
2022-10-21,0.90162,1.3713
2022-10-24,0.88387,1.3722
2022-10-25,0.88371,1.3638
2022-10-26,0.86404,1.3565
2022-10-27,0.86425,1.3547
2022-10-28,0.86544,1.3615
2022-10-31,0.86862,1.3649
2022-11-01,0.86517,1.3614
2022-11-02,0.86899,1.3630
2022-11-03,0.89437,1.3749
2022-11-04,0.88612,1.3517
2022-11-07,0.87196,1.3493
2022-11-08,0.87413,1.3441
2022-11-09,0.87433,1.3480
2022-11-10,0.87701,1.3378
2022-11-11,0.84922,1.3378
2022-11-14,0.84808,1.3288
2022-11-15,0.84059,1.3290
2022-11-16,0.84021,1.3311
2022-11-17,0.84771,1.3350
2022-11-18,0.83989,1.3385
2022-11-21,0.84709,1.3452
2022-11-22,0.84055,1.3396
2022-11-23,0.8365,1.3392
2022-11-24,0.82525,1.3338
2022-11-25,0.82781,1.3377
2022-11-28,0.82774,1.3453
2022-11-29,0.83174,1.3578
2022-11-30,0.83354,1.3508
2022-12-01,0.81993,1.3433
2022-12-02,0.81472,1.3468
2022-12-05,0.81312,1.3532
2022-12-06,0.81942,1.3649
2022-12-07,0.82067,1.3640
2022-12-08,0.82002,1.3582
2022-12-09,0.814,1.3630
2022-12-12,0.8143,1.3658
2022-12-13,0.81321,1.3547
2022-12-14,0.8087,1.3561
2022-12-15,0.81154,1.3640
2022-12-16,0.82148,1.3687
2022-12-19,0.82202,1.3653
2022-12-20,0.82583,1.3621
2022-12-21,0.8241,1.3612
2022-12-22,0.8299,1.3656
2022-12-23,0.82875,1.3603
2022-12-27,0.83145,1.3565
2022-12-28,0.82761,1.3557
2022-12-29,0.83152,1.3544
2022-12-30,0.83155,1.3544
2023-01-02,0.82964,1.3544
2023-01-03,0.83497,1.3658
2023-01-04,0.83098,1.3508
2023-01-05,0.83297,1.3564
2023-01-06,0.84262,1.3486
2023-01-09,0.82319,1.3376
2023-01-10,0.82374,1.3421
2023-01-11,0.8251,1.3425
2023-01-12,0.82334,1.3378
2023-01-13,0.82116,1.3406
2023-01-16,0.82092,1.3397
2023-01-17,0.81707,1.3390
2023-01-18,0.80755,1.3439
2023-01-19,0.81043,1.3472
2023-01-20,0.80916,1.3421
2023-01-23,0.80922,1.3382
2023-01-24,0.81385,1.3370
2023-01-25,0.81125,1.3393
2023-01-26,0.80721,1.3349
2023-01-27,0.80888,1.3314
2023-01-30,0.80692,1.3356
2023-01-31,0.81301,1.3350
2023-02-01,0.81158,1.3321
2023-02-02,0.8126,1.3312
2023-02-03,0.81604,1.3391
2023-02-06,0.82849,1.3442
2023-02-07,0.83493,1.3435
2023-02-08,0.8272,1.3429
2023-02-09,0.82179,1.3427
2023-02-10,0.82645,1.3362
2023-02-13,0.82614,1.3343
2023-02-14,0.81908,1.3345
2023-02-15,0.83014,1.3411
2023-02-16,0.83068,1.3439
2023-02-17,0.83659,1.3487
2023-02-20,0.83135,1.3487
2023-02-21,0.8245,1.3516
2023-02-22,0.82624,1.3542
2023-02-23,0.83026,1.3549
2023-02-24,0.83486,1.3622
2023-02-27,0.8345,1.3573
2023-02-28,0.82589,1.3609
2023-03-01,0.82903,1.3612
2023-03-02,0.8372,1.3614
2023-03-03,0.83401,1.3610
2023-03-06,0.83252,1.3615
2023-03-07,0.83421,1.3717
2023-03-08,0.8447,1.3785
2023-03-09,0.84152,1.3785
2023-03-10,0.84192,1.3796
2023-03-13,0.82982,1.3705
2023-03-14,0.82472,1.3717
2023-03-15,0.82553,1.3743
2023-03-16,0.82879,1.3726
2023-03-17,0.81809,1.3778
2023-03-20,0.81656,1.3652
2023-03-21,0.81589,1.3683
2023-03-22,0.82047,1.3684
2023-03-23,0.81842,1.3648
2023-03-24,0.82073,1.3707
2023-03-27,0.81521,1.3659
2023-03-28,0.81109,1.3583
2023-03-29,0.80679,1.3547
2023-03-30,0.8051,1.3533
2023-03-31,0.80471,1.3533
2023-04-03,0.80571,1.3481
2023-04-04,0.80295,1.3455
2023-04-05,0.80464,1.3498
2023-04-06,0.80454,1.3471
2023-04-10,0.80454,1.3473
2023-04-11,0.80234,1.3474
2023-04-12,0.80108,1.3439
2023-04-13,0.79924,1.3422
2023-04-14,0.79918,1.3411
2023-04-17,0.80168,1.3365
2023-04-18,0.80277,1.3359
2023-04-19,0.80177,1.3459
2023-04-20,0.80115,1.3470
2023-04-21,0.80191,1.3500
2023-04-24,0.80277,1.3496
2023-04-25,0.80369,1.3586
2023-04-26,0.80696,1.3639
2023-04-27,0.80392,1.3606
2023-04-28,0.80494,1.3603
2023-05-01,0.80494,1.3587
2023-05-02,0.80341,1.3625
2023-05-03,0.8046,1.3575
2023-05-04,0.80262,1.3499
2023-05-05,0.80158,1.3454
2023-05-08,0.79899,1.3385
2023-05-09,0.80149,1.3406
2023-05-10,0.79832,1.3381
2023-05-11,0.80108,1.3417
2023-05-12,0.80438,1.3530
2023-05-15,0.80169,1.3489
2023-05-16,0.80303,1.3503
2023-05-17,0.80183,1.3491
2023-05-18,0.80279,1.3514
2023-05-19,0.80393,1.3520
2023-05-22,0.80127,1.3495
2023-05-23,0.80359,1.3516
2023-05-24,0.80591,1.3562
2023-05-25,0.80702,1.3614
2023-05-26,0.80902,1.3633
2023-05-29,0.80943,1.3633
2023-05-30,0.81263,1.3580
2023-05-31,0.8086,1.3623
2023-06-01,0.80568,1.3489
2023-06-02,0.80252,1.3420
2023-06-05,0.80099,1.3460
2023-06-06,0.80205,1.3437
2023-06-07,0.80079,1.3419
2023-06-08,0.79816,1.3363
2023-06-09,0.79442,1.3342
2023-06-12,0.78878,1.3334
2023-06-13,0.78726,1.3341
2023-06-14,0.78618,1.3308
2023-06-15,0.78408,1.3249
2023-06-16,0.78328,1.3230
2023-06-19,0.78528,1.3230
2023-06-20,0.78731,1.3190
2023-06-21,0.7885,1.3181
2023-06-22,0.78869,1.3230
2023-06-23,0.79166,1.3218
2023-06-26,0.7936,1.3153
2023-06-27,0.79088,1.3220
2023-06-28,0.78988,1.3218
2023-06-29,0.79056,1.3227
2023-06-30,0.78901,1.3247
2023-07-03,0.78834,1.3247
2023-07-04,0.7887,1.3249
2023-07-05,0.79028,1.3283
2023-07-06,0.79298,1.3319
2023-07-07,0.7867,1.3340
2023-07-10,0.78607,1.3346
2023-07-11,0.78152,1.3350
2023-07-12,0.77706,1.3191
2023-07-13,0.77054,1.3138
2023-07-14,0.76928,1.3111
2023-07-17,0.77114,1.3148
2023-07-18,0.76918,1.3124
2023-07-19,0.76961,1.3140
2023-07-20,0.77274,1.3166
2023-07-21,0.77485,1.3219
2023-07-24,0.77427,1.3177
2023-07-25,0.77555,1.3187
2023-07-26,0.7699,1.3205
2023-07-27,0.77631,1.3228
2023-07-28,0.78192,1.3230
2023-07-31,0.78087,1.3200
2023-08-01,0.78202,1.3256
2023-08-02,0.78421,1.3298
2023-08-03,0.78485,1.3366
2023-08-04,0.78303,1.3347
2023-08-07,0.77921,1.3347
2023-08-08,0.78251,1.3398
2023-08-09,0.78399,1.3440
2023-08-10,0.78371,1.3405
2023-08-11,0.78598,1.3463
2023-08-14,0.7862,1.3457
2023-08-15,0.78823,1.3499
2023-08-16,0.78685,1.3534
2023-08-17,0.78628,1.3550
2023-08-18,0.78801,1.3558
2023-08-21,0.7855,1.3523
2023-08-22,0.78412,1.3506
2023-08-23,0.78428,1.3509
2023-08-24,0.78373,1.3567
2023-08-25,0.78641,1.3585
2023-08-28,0.78656,1.3597
2023-08-29,0.78606,1.3566
2023-08-30,0.78471,1.3548
2023-08-31,0.78795,1.3524
2023-09-01,0.78997,1.3570
2023-09-04,0.78881,1.3570
2023-09-05,0.79131,1.3643
2023-09-06,0.79463,1.3680
2023-09-07,0.79433,1.3651
2023-09-08,0.79389,1.3638
2023-09-11,0.79229,1.3571
2023-09-12,0.79107,1.3566
2023-09-13,0.79085,1.3515
2023-09-14,0.79007,1.3523
2023-09-15,0.78987,1.3487
2023-09-18,0.78823,1.3475
2023-09-19,0.78927,1.3443
2023-09-20,0.7911,1.3422
2023-09-21,0.79291,1.3464
2023-09-22,0.79527,1.3497
2023-09-25,0.8013,1.3523
2023-09-26,0.81241,1.3563
2023-09-27,0.81632,1.3570
2023-09-28,0.81506,1.3539
2023-09-29,0.81401,1.3539
2023-10-02,0.81687,1.3582
2023-10-03,0.82199,1.3681
2023-10-04,0.81966,1.3702
2023-10-05,0.81996,1.3712
2023-10-06,0.82046,1.3673
2023-10-09,0.81797,1.3637
2023-10-10,0.81575,1.3596
2023-10-11,0.81417,1.3622
2023-10-12,0.81541,1.3655
2023-10-13,0.81578,1.3688
2023-10-16,0.81475,1.3597
2023-10-17,0.81355,1.3658
2023-10-18,0.81686,1.3701
2023-10-19,0.81807,1.3724
2023-10-20,0.82168,1.3755
2023-10-23,0.82043,1.3710
2023-10-24,0.82237,1.3735
2023-10-25,0.82247,1.3757
2023-10-26,0.82543,1.3810
2023-10-27,0.82404,1.3873
2023-10-30,0.82058,1.3844
2023-10-31,0.82107,1.3872
2023-11-01,0.82181,1.3850
2023-11-02,0.81569,1.3706
2023-11-03,0.81063,1.3648
2023-11-06,0.80925,1.3676
2023-11-07,0.81266,1.3712
2023-11-08,0.81264,1.3772
2023-11-09,0.81369,1.3788
2023-11-10,0.81191,1.3803
2023-11-13,0.81081,1.3794
2023-11-14,0.80298,1.3674
2023-11-15,0.79961,1.3667
2023-11-16,0.79977,1.3687
2023-11-17,0.80267,1.3688
2023-11-20,0.79838,1.3694
2023-11-21,0.79628,1.3679
2023-11-22,0.79702,1.3659
2023-11-23,0.79668,1.3663
2023-11-24,0.7951,1.3639
2023-11-27,0.79337,1.3602
2023-11-28,0.79126,1.3577
2023-11-29,0.79143,1.3584
2023-11-30,0.79059,1.3547
2023-12-01,0.78816,1.3484
2023-12-04,0.78787,1.3539
2023-12-05,0.78997,1.3580
2023-12-06,0.79195,1.3557
2023-12-07,0.79078,1.3574
2023-12-08,0.79152,1.3545
2023-12-11,0.79015,1.3557
2023-12-12,0.79147,1.3541
2023-12-13,0.79268,1.3546
2023-12-14,0.78318,1.3386
2023-12-15,0.78526,1.3383
2023-12-18,0.78529,1.3395
2023-12-19,0.78547,1.3353
2023-12-20,0.78851,1.3399
2023-12-21,0.78625,1.3327
2023-12-22,0.78764,1.3260
2023-12-27,0.78624,1.3225
2023-12-28,0.78486,1.3217
2023-12-29,0.78574,1.3237
2024-01-02,0.78811,1.3246
2024-01-03,0.78878,1.3301
2024-01-04,0.78955,1.3352
2024-01-05,0.78742,1.3360
2024-01-08,0.78543,1.3382
2024-01-09,0.78612,1.3368
2024-01-10,0.78518,1.3378
2024-01-11,0.78302,1.3398
2024-01-12,0.78295,1.3404
2024-01-15,0.7853,1.3404
2024-01-16,0.78749,1.3467
2024-01-17,0.78858,1.3489
2024-01-18,0.78832,1.3483
2024-01-19,0.78751,1.3482
2024-01-22,0.78639,1.3466
2024-01-23,0.78588,1.3454
2024-01-24,0.78475,1.3455
2024-01-25,0.78448,1.3432
2024-01-26,0.78392,1.3436
2024-01-29,0.78591,1.3458
2024-01-30,0.7871,1.3445
2024-01-31,0.78808,1.3421
2024-02-01,0.78638,1.3398
2024-02-02,0.79021,1.3443
2024-02-05,0.79174,1.3509
2024-02-06,0.79207,1.3509
2024-02-07,0.79169,1.3504
2024-02-08,0.79245,1.3492
2024-02-09,0.79122,1.3450
2024-02-12,0.79181,1.3445
2024-02-13,0.79282,1.3543
2024-02-14,0.79392,1.3525
2024-02-15,0.79272,1.3496
2024-02-16,0.79333,1.3486
2024-02-19,0.79259,1.3486
2024-02-20,0.79198,1.3501
2024-02-21,0.79309,1.3529
2024-02-22,0.79243,1.3489
2024-02-23,0.79275,1.3505
2024-02-26,0.79365,1.3510
2024-02-27,0.79299,1.3547
2024-02-28,0.79244,1.3568
2024-02-29,0.79171,1.3554
2024-03-01,0.79042,1.3565
2024-03-04,0.7884,1.3576
2024-03-05,0.78957,1.3571
2024-03-06,0.78748,1.3527
2024-03-07,0.78397,1.3479
2024-03-08,0.78069,1.3476
2024-03-11,0.78253,1.3473
2024-03-12,0.78402,1.3487
2024-03-13,0.78284,1.3476
2024-03-14,0.78536,1.3516
2024-03-15,0.78729,1.3534
2024-03-18,0.78745,1.3552
2024-03-19,0.78856,1.3547
2024-03-20,0.78934,1.3489
2024-03-21,0.79201,1.3490
2024-03-22,0.79441,1.3560
2024-03-25,0.79566,1.3580
2024-03-26,0.79581,1.3580
2024-03-27,0.79553,1.3590
2024-03-28,0.79552,1.3558
2024-04-01,0.79552,1.3558
2024-04-02,0.79823,1.3559
2024-04-03,0.79673,1.3546
2024-04-04,0.79422,1.3589
2024-04-05,0.79326,1.3635
2024-04-08,0.79369,1.3580
2024-04-09,0.79502,1.3606
2024-04-10,0.7987,1.3709
2024-04-11,0.79854,1.3697
2024-04-12,0.80181,1.3739
2024-04-15,0.80429,1.3774
2024-04-16,0.80643,1.3805
2024-04-17,0.80546,1.3779
2024-04-18,0.80362,1.3787
2024-04-19,0.80551,1.3761
2024-04-22,0.8033,1.3734
2024-04-23,0.80014,1.3696
2024-04-24,0.79935,1.3686
2024-04-25,0.80022,1.3677
2024-04-26,0.79974,1.3679
2024-04-29,0.79961,1.3679
2024-04-30,0.80203,1.3730
2024-05-01,0.80158,1.3757
2024-05-02,0.80092,1.3748
2024-05-03,0.79687,1.3663
2024-05-06,0.79765,1.3653
2024-05-07,0.79696,1.3679
2024-05-08,0.79668,1.3700
2024-05-09,0.79762,1.3705
2024-05-10,0.79792,1.3675
2024-05-13,0.80004,1.3693
2024-05-14,0.79912,1.3664
2024-05-15,0.79425,1.3603
2024-05-16,0.79209,1.3604
2024-05-17,0.79145,1.3619
2024-05-20,0.78958,1.3635
2024-05-21,0.78864,1.3676
2024-05-22,0.79103,1.3677
2024-05-23,0.79295,1.3699
2024-05-24,0.79215,1.3691
2024-05-27,0.79064,1.3687
2024-05-28,0.78958,1.3696
2024-05-29,0.78919,1.3717
2024-05-30,0.78809,1.3699
2024-05-31,0.78714,1.3682
2024-06-03,0.78558,1.3660
2024-06-04,0.78498,1.3678
2024-06-05,0.78621,1.3679
2024-06-06,0.78538,1.3682
2024-06-07,0.79173,1.3736
2024-06-10,0.79252,1.3753
2024-06-11,0.79286,1.3773
2024-06-12,0.79236,1.3722
2024-06-13,0.79155,1.3732
2024-06-14,0.79237,1.3749
2024-06-17,0.7922,1.3709
2024-06-18,0.79194,1.3710
2024-06-19,0.79164,1.3714
2024-06-20,0.79201,1.3707
2024-06-21,0.79388,1.3682
2024-06-24,0.79061,1.3682
2024-06-25,0.79043,1.3685
2024-06-26,0.79084,1.3699
2024-06-27,0.79088,1.3674
2024-06-28,0.79129,1.3701
2024-07-01,0.79134,1.3701
2024-07-02,0.79137,1.3722
2024-07-03,0.7903,1.3701
2024-07-04,0.78699,1.3634
2024-07-05,0.78542,1.3610
2024-07-08,0.78338,1.3614
2024-07-09,0.78358,1.3653
2024-07-10,0.78297,1.3635
2024-07-11,0.78076,1.3610
2024-07-12,0.77797,1.3596
2024-07-15,0.77645,1.3592
2024-07-16,0.77497,1.3660
2024-07-17,0.77461,1.3681
2024-07-18,0.77417,1.3685
2024-07-19,0.77424,1.3682
2024-07-22,0.77358,1.3676
2024-07-23,0.77278,1.3745
2024-07-24,0.77471,1.3797
2024-07-25,0.77568,1.3811
2024-07-26,0.77673,1.3809
2024-07-29,0.77731,1.3812
2024-07-30,0.78202,1.3816
2024-07-31,0.78199,1.3815
2024-08-01,0.78219,1.3855
2024-08-02,0.77821,1.3867
2024-08-05,0.78239,1.3912
2024-08-06,0.78246,1.3770
2024-08-07,0.78276,1.3759
2024-08-08,0.78239,1.3729
2024-08-09,0.78246,1.3727
2024-08-12,0.78174,1.3710
2024-08-13,0.78208,1.3718
2024-08-14,0.77959,1.3727
2024-08-15,0.77735,1.3699
2024-08-16,0.77527,1.3621
2024-08-19,0.77396,1.3609
2024-08-20,0.77098,1.3593
2024-08-21,0.77145,1.3604
2024-08-22,0.76784,1.3576
2024-08-23,0.76413,1.3523
2024-08-26,0.75865,1.3481
2024-08-27,0.7581,1.3485
2024-08-28,0.75762,1.3497
2024-08-29,0.7574,1.3467
2024-08-30,0.75723,1.3486
2024-09-02,0.75742,1.3486
2024-09-03,0.75806,1.3538
2024-09-04,0.76053,1.3546
2024-09-05,0.75994,1.3531
2024-09-06,0.76038,1.3517
2024-09-09,0.76108,1.3541
2024-09-10,0.7636,1.3581
2024-09-11,0.76295,1.3581
2024-09-12,0.76155,1.3581
2024-09-13,0.76155,1.3551
2024-09-16,0.76101,1.3583
2024-09-17,0.76102,1.3584
2024-09-18,0.75939,1.3593
2024-09-19,0.75383,1.3567
2024-09-20,0.75383,1.3598
2024-09-23,0.75359,1.3598
2024-09-24,0.75119,1.3494
2024-09-25,0.74924,1.3487
2024-09-26,0.75027,1.3497
2024-09-27,0.74709,1.3502
2024-09-30,0.74826,1.3502
2024-10-01,0.75137,1.3504
2024-10-02,0.75235,1.3515
2024-10-03,0.75514,1.3518
2024-10-04,0.76164,1.3577
2024-10-07,0.76608,1.3629
2024-10-08,0.76688,1.3654
2024-10-09,0.76833,1.3668
2024-10-10,0.76653,1.3702
2024-10-11,0.7683,1.3736
2024-10-14,0.76737,1.3736
2024-10-15,0.77019,1.3806
2024-10-16,0.77018,1.3826
2024-10-17,0.77021,1.3787
2024-10-18,0.76899,1.3800
2024-10-21,0.76758,1.3831
2024-10-22,0.7703,1.3831
2024-10-23,0.77089,1.3853
2024-10-24,0.77149,1.3883
2024-10-25,0.77165,1.3909
2024-10-28,0.77169,1.3889
2024-10-29,0.77285,1.3898
2024-10-30,0.77183,1.3896
2024-10-31,0.77086,1.3922
2024-11-01,0.7721,1.3902
2024-11-04,0.76993,1.3865
2024-11-05,0.76998,1.3878
2024-11-06,0.77498,1.3927
2024-11-07,0.77191,1.3903
2024-11-08,0.77257,1.3884
2024-11-11,0.77422,1.3933
2024-11-12,0.78111,1.3935
2024-11-13,0.78653,1.3957
2024-11-14,0.79019,1.3964
2024-11-15,0.79067,1.4072
2024-11-18,0.79235,1.4030
2024-11-19,0.79167,1.4013
2024-11-20,0.79227,1.4012
2024-11-21,0.79366,1.3982
2024-11-22,0.7959,1.4007
2024-11-25,0.79933,1.4080
2024-11-26,0.80106,1.4066
2024-11-27,0.79759,1.4036
2024-11-28,0.79479,1.4015
2024-11-29,0.79287,1.3994
2024-12-02,0.79169,1.4016
2024-12-03,0.79103,1.4016
2024-12-04,0.78929,1.4008
2024-12-05,0.78849,1.4054
2024-12-06,0.78858,1.4069
2024-12-09,0.78893,1.4135
2024-12-10,0.78782,1.4140
2024-12-11,0.78971,1.4143
2024-12-12,0.79233,1.4182
2024-12-13,0.79507,1.4244
2024-12-16,0.79536,1.4281
2024-12-17,0.79754,1.4298
2024-12-18,0.79833,1.4454
2024-12-19,0.80367,1.4457
2024-12-20,0.80329,1.4375
2024-12-23,0.80089,1.4374
2024-12-24,0.79765,1.4391
2024-12-27,0.79577,1.4391
2024-12-30,0.79606,1.4372
2024-12-31,0.79684,1.4391
2025-01-02,0.79976,1.4383
2025-01-03,0.80174,1.4427
2025-01-06,0.80436,1.4432
2025-01-07,0.80126,1.4340
2025-01-08,0.80216,1.4377
2025-01-09,0.80284,1.4382
2025-01-10,0.80536,1.4437
2025-01-13,0.81143,1.4462
2025-01-14,0.8058,1.4392
2025-01-15,0.80246,1.4349
2025-01-16,0.80106,1.4350
2025-01-17,0.80163,1.4365
2025-01-20,0.80434,1.4458
2025-01-21,0.80253,1.4411
2025-01-22,0.79979,1.4356
2025-01-23,0.79856,1.4364
2025-01-24,0.79694,1.4340
2025-01-27,0.79645,1.4387
